idnumber,firstname,lastname,mi,place,thing,event,meal,hobbies_or_skills
2400001,Aaron,Alvarez,A,Angeles,Apple,Acquaintance Party,Adobo,Archery
2400002,Bianca,Bautista,B,Baguio,Bag,Birthday Bash,Bibingka,Baking
2400003,Carlo,Cruz,C,Cebu,Camera,Christmas Party,Chicken Curry,Chess
2400004,Diana,Dizon,D,Davao,Drum,Debut Night,Dinuguan,Drawing
2400005,Ethan,Espino,E,Echague,Eraser,Earth Day Rally,Egg Sandwich,Editing
2400006,Faith,Flores,F,Furigay,Fan,Fiesta Parade,Fried Rice,Football
2400007,Gabriel,Garcia,G,General,Guitar,Graduation Day,Giniling,Gaming
2400008,Hannah,Hernandez,H,Hinigaran,Hammer,Halloween Night,Halo-Halo,Hiking
2400009,Isaac,Ignacio,I,Iloilo,Ipad,Independence Day,Inihaw,Illustrating
2400010,Jasmine,Javier,J,Jolo,Jacket,Job Fair,Jollibee Burger,Jogging
2400011,Kevin,Kalaw,K,Koronadal,Keyboard,Kite Festival,Kare-Kare,Karaoke
2400012,Lara,Lopez,L,Legazpi,Lamp,Labor Day Program,Lechon,Lettering
2400013,Miguel,Mendoza,M,Manila,Mirror,Music Festival,Menudo,Modeling
2400014,Nina,Navarro,N,Naga,Notebook,New Year Countdown,Nilaga,Napping
2400015,Oscar,Ocampo,O,Ozamiz,Orange,Open House,Omelette,Origami
2400016,Patricia,Pascual,P,Palawan,Pillow,Prom Night,Pancit,Painting
2400017,Quincy,Querubin,Q,Quezon,Quilt,Quiz Bee,Quesadilla,Quilting
2400018,Rafael,Ramos,R,Rizal,Radio,Reunion Party,Ramen,Reading
2400019,Sofia,Santos,S,Siargao,Speaker,Science Fair,Sinigang,Singing
2400020,Tomas,Tolentino,T,Tagum,Trophy,Team Building,Tapsilog,Typing
2400021,Ulysses,Umali,U,Urdaneta,Umbrella,University Week,Ube Halaya,Ukulele
2400022,Vanessa,Villanueva,V,Valencia,Violin,Valentine Dinner,Vegetable Soup,Volleyball
2400023,Wesley,Wenceslao,W,Wao,Watch,Wedding Reception,Waffles,Writing
2400024,Xander,Xavier,X,Xavier Est,Xylophone,Xmas Caroling,Xiao Long Bao,Xylography
2400025,Yvonne,Yap,Y,Yumbing,Yoyo,Youth Camp,Yakisoba,Yoga
2400026,Zachary,Zamora,Z,Zamboanga,Zipper,Zumba Marathon,Zucchini Stew,Zumba
2400027,Adrian,Abad,A,Aparri,Airpods,Anniversary Dinner,Afritada,Astronomy
2400028,Bea,Bueno,B,Batangas,Basketball,Barangay Assembly,Bulalo,Biking
2400029,Christian,Castillo,C,Cagayan,Cellphone,Coding Contest,Champorado,Coding
2400030,Denise,Delgado,D,Dumaguete,Desk,Dance Competition,Danggit,Dancing
2400031,Emman,Estrada,E,El Nido,Earphones,Enrollment Day,Embutido,Exercising
2400032,Francine,Fernandez,F,Fairview,Flashlight,Foundation Day,Fish Fillet,Fishing
2400033,Gerald,Gonzales,G,Gingoog,Globe,Games Tournament,Goto,Gardening
2400034,Hazel,Hidalgo,H,Hagonoy,Helmet,Hackathon,Hotdog,Handball
2400035,Ian,Imperial,I,Isabela,Iron,Info Session,Ice Cream,Investing
2400036,Joana,Jimenez,J,Jasaan,Jar,Jamboree,Jelly Salad,Journaling
2400037,Kyle,Katigbak,K,Kalibo,Kettle,Kickoff Meeting,Kinilaw,Knitting
2400038,Lyka,Lacson,L,Laguna,Laptop,Literary Contest,Longganisa,Learning
2400039,Marco,Magsaysay,M,Marawi,Mug,Math Olympiad,Mechado,Meditating
2400040,Nicole,Natividad,N,Negros,Necklace,Night Market,Noodles,Networking
2400041,Owen,Olivares,O,Olongapo,Oven,Orientation Day,Oatmeal,Organizing
2400042,Paolo,Panganiban,P,Pampanga,Phone,Pageant Night,Pizza,Programming
2400043,Rhea,Rosales,R,Roxas,Ring,Recognition Day,Rice Cake,Running
2400044,Steven,Salazar,S,Subic,Shoes,Sports Fest,Sisig,Swimming
2400045,Trixie,Torres,T,Tacloban,Tablet,Talent Show,Tinola,Traveling
2400046,Vince,Valdez,V,Vigan,Vase,Volunteer Drive,Vigan Empanada,Vlogging
2400047,Wilma,Wong,W,Wawa,Wallet,Wellness Week,Wonton Soup,Woodworking
2400048,Yuri,Yulo,Y,Yakal,Yacht,Year-End Party,Yema Cake,Yodeling
2400049,Quinn,Quiambao,Q,Quiapo,Quiver,Quarterly Meeting,Quiche,Quizzing
2400050,Zoe,Zaragoza,Z,Zambales,Zoom Mic,Zoology Seminar,Zesty Chicken,Zorbing
